mode,thr_star,f1_mean,f1_std,question_score_std_mean,question_score_std_std,answer_score_std_mean,answer_score_std_std,delta_f1_vs_full_mean
full,0.77,0.9760239913443632,0.005959260985351317,0.005785401652013556,0.001269902215323488,0.3225580061407562,0.012179817435961903,0.0
no_judge,0.76,0.9735928483694077,0.007299703503426188,0.005680424388562346,0.0012325524094254164,0.33174215017351333,0.012197079163478985,0.0024311429749555025
no_mnli,0.6900000000000001,0.9830437989602195,0.006990986572079899,0.005867295958588423,0.0010335890130247368,0.30127367959779816,0.015404854610258652,-0.007019807615856299
no_selfcheck,0.81,0.9755745567395125,0.002708980689520413,0.005562005711606084,0.0013382280203905951,0.31900046038949004,0.012794639386746501,0.00044943460485069586
judge_only,0.79,0.9486476082775893,0.00464057570750203,0.007519827556595604,0.0021419820799339043,0.3367398369932755,0.00869456491942805,0.027376383066773924
