t_high,halluc_rate,regress_rate
0.77,0.74375,0.0
0.7863636363636364,0.7625,0.0
0.8027272727272727,0.75625,0.0
0.8190909090909091,0.75625,0.0
0.8354545454545454,0.7625,0.0
0.8518181818181818,0.75,0.0
0.8681818181818182,0.75625,0.0
0.8845454545454545,0.7625,0.0
0.9009090909090909,0.75625,0.0
0.9172727272727272,0.7625,0.0
0.9336363636363636,0.75,0.0
0.95,0.7625,0.0
