t_high,halluc_rate,regress_rate,abstain_rate
0.45422484781921524,0.86,0.0,0.0
0.47695212054648795,0.86,0.0,0.0
0.4996793932737607,0.86,0.0,0.0
0.5224066660010334,0.86,0.0,0.0
0.5451339387283062,0.86,0.0,0.0
0.5678612114555789,0.86,0.0,0.0
0.5905884841828516,0.86,0.0,0.0
0.6133157569101243,0.86,0.0,0.0
0.6360430296373971,0.86,0.0,0.0
0.6587703023646698,0.86,0.0,0.0
0.6814975750919425,0.86,0.0,0.0
0.7042248478192152,0.86,0.0,0.0
