mode,thr_star,f1_mean,f1_std,question_score_std_mean,question_score_std_std,answer_score_std_mean,answer_score_std_std,delta_f1_vs_full_mean
full,0.61,0.9153209643199095,0.0040327899646764405,0.023283724244625176,0.0011092775484294786,0.10927252693956262,0.004391912560380466,0.0
no_judge,0.59,0.9195548121551588,0.003746247133813528,0.022251827468067975,0.001096252955607847,0.12131219001315957,0.0040687068887874395,-0.0042338478352492714
no_mnli,0.63,0.9195548121551588,0.003746247133813528,0.018950567140900133,0.0003487776503218005,0.062252854481882,0.003139968579744043,-0.0042338478352492714
no_selfcheck,0.6,0.9195548121551588,0.003746247133813528,0.019470267125137365,0.0010528612937638123,0.10969997583637393,0.00476915800412077,-0.0042338478352492714
judge_only,0.63,0.9195548121551588,0.003746247133813528,0.0188009987716278,0.00034979273366025,0.06321378152204231,0.0033805211184719914,-0.0042338478352492714
