mode,thr_star,f1_mean,f1_std,question_score_std_mean,question_score_std_std,answer_score_std_mean,answer_score_std_std,delta_f1_vs_full_mean
full,0.2,0.9606118138850183,0.003060982549972956,0.02887352689845069,0.0011666666666666707,0.16851170779516877,0.002572960872934457,0.0
no_judge,0.31,0.7587411187100797,0.01949424372323871,7.401486830834377e-19,6.542051911182392e-20,0.038178288686019274,0.003004560669668735,0.2018706951749386
no_mnli,0.37,0.9606118138850183,0.003060982549972956,0.0524973216335467,0.002121212121212121,0.3063849232639433,0.00467811067806265,0.0
no_selfcheck,0.01,0.9606118138850183,0.003060982549972956,0.03609190862306336,0.0014583333333333314,0.2068407713374116,0.0038930174075310986,0.0
judge_only,0.01,0.9606118138850183,0.003060982549972956,0.08249579113843054,0.0033333333333333314,0.4727789059140837,0.008898325502928269,0.0
