t_high,halluc_rate,abstain_rate,regress_rate
0.2,0.5625,0.0,0.0
0.2277777777777778,0.26249999999999996,0.0,0.0
0.25555555555555554,0.26249999999999996,0.0,0.0
0.2833333333333333,0.26249999999999996,0.0,0.0
0.3111111111111111,0.26249999999999996,0.0,0.0
0.3388888888888889,0.26249999999999996,0.0,0.0
0.3666666666666667,0.26249999999999996,0.0,0.0
0.39444444444444443,0.26249999999999996,0.0,0.0
0.4222222222222222,0.26249999999999996,0.0,0.0
0.45,0.26249999999999996,0.0,0.0
