mode,thr_star,f1_mean,f1_std,question_score_std_mean,question_score_std_std,answer_score_std_mean,answer_score_std_std,delta_f1_vs_full_mean
full,0.7000000000000001,0.9341540406429959,0.000643419909829808,0.04023038698214457,0.0010933134927317437,0.11057706225538771,0.0010204743666067868,0.0
no_judge,0.73,0.9351630663143098,0.0004713182775370914,0.0421586115271797,0.0012030349909756901,0.1253807823490274,0.0008353935388154184,-0.00100902567131389
no_mnli,0.59,0.9355408915126762,0.0004709838990586479,0.01591342204429876,0.0005128472089934367,0.05109087191491613,0.0005533239508592348,-0.0013868508696802673
no_selfcheck,0.6900000000000001,0.9360444199567777,0.00017789789679117755,0.03807690959828892,0.001062125521489743,0.10699054410345754,0.0010549222368871857,-0.001890379313781776
judge_only,0.6,0.9360444199567777,0.00017789789679117755,0.015948308038484446,0.0005121610091350943,0.05426595202229961,0.000521031514461279,-0.001890379313781776
