mode,thr_star,f1_mean,f1_std,question_score_std_mean,question_score_std_std,answer_score_std_mean,answer_score_std_std,delta_f1_vs_full_mean
full,0.2,0.9545141052381982,0.009895003402053909,0.032448344514449355,0.003183192744617061,0.16736742484672631,0.0030395863774128865,0.0
no_judge,0.31,0.7553723663908403,0.01750900831699201,2.983724378680108e-18,2.832791573980246e-19,0.05707352339125987,0.00028129807987376144,0.19914173884735797
no_mnli,0.37,0.9545141052381982,0.009895003402053909,0.05899699002627153,0.005787623172031021,0.3043044088122297,0.005526520686205262,0.0
no_selfcheck,0.01,0.9545141052381982,0.009895003402053909,0.040560430643061675,0.003978990930771331,0.2065037822652657,0.003937184637682976,0.0
judge_only,0.01,0.9545141052381982,0.009895003402053909,0.09270955575556956,0.009094836413191611,0.47200864517775026,0.008999279171846827,0.0
