mode,thr_star,f1_mean,f1_std,question_score_std_mean,question_score_std_std,answer_score_std_mean,answer_score_std_std,delta_f1_vs_full_mean
full,0.2,0.9554035602867197,0.0026662788093118183,0.02309882151876055,0.0013471506281091277,0.1697287689645044,0.003833438280646486,0.0
no_judge,0.31,0.7474283310918484,0.022427589426273733,8.326672684688674e-19,2.2662332591841975e-19,0.03720369500050955,0.0021577446877598565,0.20797522919487132
no_mnli,0.37,0.9554035602867197,0.0026662788093118183,0.04199785730683739,0.002449364778380233,0.30859776175364434,0.006969887782993627,0.0
no_selfcheck,0.01,0.9554035602867197,0.0026662788093118183,0.028873526898450685,0.0016839382851364054,0.2085060403261627,0.003737879555229188,0.0
judge_only,0.01,0.9554035602867197,0.0026662788093118183,0.06599663291074444,0.0038490017945974997,0.4765852350312292,0.008543724697666745,0.0
