t_high,halluc_rate,abstain_rate,regress_rate
0.2,0.6,0.0,0.0
0.2277777777777778,0.2890625,0.0,0.0
0.25555555555555554,0.290625,0.0,0.0015625
0.2833333333333333,0.2890625,0.0,0.0015625
0.3111111111111111,0.2890625,0.0,0.0
0.3388888888888889,0.2890625,0.0,0.0
0.3666666666666667,0.28593749999999996,0.0,0.0
0.39444444444444443,0.290625,0.0,0.0015625
0.4222222222222222,0.2875,0.0,0.0
0.45,0.2890625,0.0,0.003125
